{
  "POSTAPI" : {
    "transaction" : "POSTAPI",
    "sampleCount" : 1,
    "errorCount" : 0,
    "errorPct" : 0.0,
    "meanResTime" : 277.0,
    "medianResTime" : 277.0,
    "minResTime" : 277.0,
    "maxResTime" : 277.0,
    "pct1ResTime" : 277.0,
    "pct2ResTime" : 277.0,
    "pct3ResTime" : 277.0,
    "throughput" : 3.6101083032490977,
    "receivedKBytesPerSec" : 3.1764722472924185,
    "sentKBytesPerSec" : 0.8179151624548736
  },
  "PUTAPI" : {
    "transaction" : "PUTAPI",
    "sampleCount" : 1,
    "errorCount" : 0,
    "errorPct" : 0.0,
    "meanResTime" : 204.0,
    "medianResTime" : 204.0,
    "minResTime" : 204.0,
    "maxResTime" : 204.0,
    "pct1ResTime" : 204.0,
    "pct2ResTime" : 204.0,
    "pct3ResTime" : 204.0,
    "throughput" : 4.901960784313726,
    "receivedKBytesPerSec" : 4.236557904411765,
    "sentKBytesPerSec" : 1.1488970588235294
  },
  "Total" : {
    "transaction" : "Total",
    "sampleCount" : 4,
    "errorCount" : 0,
    "errorPct" : 0.0,
    "meanResTime" : 549.25,
    "medianResTime" : 242.0,
    "minResTime" : 204.0,
    "maxResTime" : 1509.0,
    "pct1ResTime" : 1509.0,
    "pct2ResTime" : 1509.0,
    "pct3ResTime" : 1509.0,
    "throughput" : 1.8083182640144664,
    "receivedKBytesPerSec" : 1.9985978469710668,
    "sentKBytesPerSec" : 0.3562775485985533
  },
  "GetAPI" : {
    "transaction" : "GetAPI",
    "sampleCount" : 1,
    "errorCount" : 0,
    "errorPct" : 0.0,
    "meanResTime" : 1509.0,
    "medianResTime" : 1509.0,
    "minResTime" : 1509.0,
    "maxResTime" : 1509.0,
    "pct1ResTime" : 1509.0,
    "pct2ResTime" : 1509.0,
    "pct3ResTime" : 1509.0,
    "throughput" : 0.6626905235255136,
    "receivedKBytesPerSec" : 1.2535464297548047,
    "sentKBytesPerSec" : 0.08218915672630882
  },
  "DELETEAPI" : {
    "transaction" : "DELETEAPI",
    "sampleCount" : 1,
    "errorCount" : 0,
    "errorPct" : 0.0,
    "meanResTime" : 207.0,
    "medianResTime" : 207.0,
    "minResTime" : 207.0,
    "maxResTime" : 207.0,
    "pct1ResTime" : 207.0,
    "pct2ResTime" : 207.0,
    "pct3ResTime" : 207.0,
    "throughput" : 4.830917874396135,
    "receivedKBytesPerSec" : 3.793025362318841,
    "sentKBytesPerSec" : 0.981280193236715
  }
}